{"cameraMode":{"drawMode":0,"name":"Shaded","section":"Shading Mode"},"sceneLighting":false,"audioPlay":false,"sceneViewState":{"m_AlwaysRefresh":false,"showFog":true,"showSkybox":false,"showFlares":true,"showImageEffects":true,"showParticleSystems":true,"showVisualEffectGraphs":true,"m_FxEnabled":true},"in2DMode":false,"pivot":{"x":2.3957417011260988,"y":0.1813301146030426,"z":2.449148416519165},"rotation":{"x":-0.19970197975635529,"y":-0.26349958777427676,"z":0.05566757172346115,"w":-0.9422249794006348},"size":5.707395553588867,"orthographic":false}