{"cameraMode":{"drawMode":0,"name":"Shaded","section":"Shading Mode"},"sceneLighting":true,"audioPlay":false,"sceneViewState":{"m_AlwaysRefresh":false,"showFog":true,"showSkybox":true,"showFlares":true,"showImageEffects":true,"showParticleSystems":true,"showVisualEffectGraphs":true,"m_FxEnabled":true},"in2DMode":false,"pivot":{"x":-5.157840728759766,"y":5.442104339599609,"z":93.12152099609375},"rotation":{"x":-0.06623398512601853,"y":-0.029021181166172029,"z":0.0019148712744936348,"w":-0.9973897337913513},"size":25.93255043029785,"orthographic":false}