{"cameraMode":{"drawMode":0,"name":"Shaded","section":"Shading Mode"},"sceneLighting":true,"audioPlay":false,"sceneViewState":{"m_AlwaysRefresh":false,"showFog":true,"showSkybox":true,"showFlares":true,"showImageEffects":true,"showParticleSystems":true,"showVisualEffectGraphs":true,"m_FxEnabled":true},"in2DMode":false,"pivot":{"x":-0.3921559751033783,"y":3.3018836975097658,"z":101.07720184326172},"rotation":{"x":-0.11037513613700867,"y":0.041100937873125079,"z":0.004561754409223795,"w":0.993068277835846},"size":19.424888610839845,"orthographic":false}