{"cameraMode":{"drawMode":0,"name":"Shaded","section":"Shading Mode"},"sceneLighting":false,"audioPlay":false,"sceneViewState":{"m_AlwaysRefresh":false,"showFog":true,"showSkybox":false,"showFlares":true,"showImageEffects":true,"showParticleSystems":true,"showVisualEffectGraphs":true,"m_FxEnabled":true},"in2DMode":false,"pivot":{"x":-4.39466667175293,"y":15.334772109985352,"z":-10.630996704101563},"rotation":{"x":0.22332702577114106,"y":-0.33592090010643008,"z":0.08231286704540253,"w":0.9113711714744568},"size":23.362300872802736,"orthographic":false}