{"cameraMode":{"drawMode":0,"name":"Shaded","section":"Shading Mode"},"sceneLighting":false,"audioPlay":false,"sceneViewState":{"m_AlwaysRefresh":false,"showFog":true,"showSkybox":false,"showFlares":true,"showImageEffects":true,"showParticleSystems":true,"showVisualEffectGraphs":true,"m_FxEnabled":true},"in2DMode":false,"pivot":{"x":-0.000025272369384765625,"y":5.792741298675537,"z":-0.17469406127929688},"rotation":{"x":0.27699238061904909,"y":-0.25332117080688479,"z":0.07595708221197128,"w":0.9238054156303406},"size":8.133942604064942,"orthographic":false}