{"cameraMode":{"drawMode":0,"name":"Shaded","section":"Shading Mode"},"sceneLighting":false,"audioPlay":false,"sceneViewState":{"m_AlwaysRefresh":false,"showFog":true,"showSkybox":false,"showFlares":true,"showImageEffects":true,"showParticleSystems":true,"showVisualEffectGraphs":true,"m_FxEnabled":true},"in2DMode":false,"pivot":{"x":-3.0048203468322756,"y":1.7069506645202637,"z":-1.7064266204833985},"rotation":{"x":0.23029273748397828,"y":-0.5772671103477478,"z":0.17403140664100648,"w":0.7638877630233765},"size":3.6616196632385256,"orthographic":false}