{"cameraMode":{"drawMode":0,"name":"Shaded","section":"Shading Mode"},"sceneLighting":false,"audioPlay":false,"sceneViewState":{"m_AlwaysRefresh":false,"showFog":true,"showSkybox":false,"showFlares":true,"showImageEffects":true,"showParticleSystems":true,"showVisualEffectGraphs":true,"m_FxEnabled":true},"in2DMode":false,"pivot":{"x":0.000022411346435546875,"y":10.187369346618653,"z":0.0000045299530029296878},"rotation":{"x":0.19097034633159638,"y":-0.3806494474411011,"z":0.0806545689702034,"w":0.9012307524681091},"size":11.649189949035645,"orthographic":false}