{"cameraMode":{"drawMode":0,"name":"Shaded","section":"Shading Mode"},"sceneLighting":false,"audioPlay":false,"sceneViewState":{"m_AlwaysRefresh":false,"showFog":true,"showSkybox":false,"showFlares":true,"showImageEffects":true,"showParticleSystems":true,"showVisualEffectGraphs":true,"m_FxEnabled":true},"in2DMode":false,"pivot":{"x":2.8815195560455324,"y":14.578547477722168,"z":5.288150787353516},"rotation":{"x":0.3161153197288513,"y":-0.11971934139728546,"z":0.04024842381477356,"w":0.9403205513954163},"size":11.073467254638672,"orthographic":false}