{"cameraMode":{"drawMode":0,"name":"Shaded","section":"Shading Mode"},"sceneLighting":false,"audioPlay":false,"sceneViewState":{"m_AlwaysRefresh":false,"showFog":true,"showSkybox":false,"showFlares":true,"showImageEffects":true,"showParticleSystems":true,"showVisualEffectGraphs":true,"m_FxEnabled":true},"in2DMode":false,"pivot":{"x":0.0000069141387939453128,"y":2.667419910430908,"z":-4.76837158203125e-7},"rotation":{"x":0.27699238061904909,"y":-0.25332117080688479,"z":0.07595708221197128,"w":0.9238054156303406},"size":3.3557441234588625,"orthographic":false}