{"cameraMode":{"drawMode":0,"name":"Shaded","section":"Shading Mode"},"sceneLighting":false,"audioPlay":false,"sceneViewState":{"m_AlwaysRefresh":false,"showFog":true,"showSkybox":false,"showFlares":true,"showImageEffects":true,"showParticleSystems":true,"showVisualEffectGraphs":true,"m_FxEnabled":true},"in2DMode":false,"pivot":{"x":-0.00028312206268310547,"y":0.0906650573015213,"z":1.2282023429870606},"rotation":{"x":-0.19970197975635529,"y":-0.26349958777427676,"z":0.05566757172346115,"w":-0.9422249794006348},"size":2.694000005722046,"orthographic":false}